kPa,m3/m3 acqua
0.1,0.40882
0.98708,0.40833
3.10117,0.39518
9.87075,0.37451
31.01169,0.34992
98.70753,0.3299
987.0753,0.29608
1576.66749,0.28755