kPa,volumetric wc
0.1,0.41786
1,0.35516
10,0.11746
100,0.04583
1000,0.02778
10000,0.01449