kPa,volumetric wc
0.1,0.45714
1,0.45099
10,0.29306
100,0.11786
1000,0.05814
10000,0.03472